행정동명,신도시명,A,C,supply_idx,workers,transit,residents,students,gs25,A_log,C_log,A_scaled,C_scaled,S_scaled,Scenario_A,Scenario_B,Scenario_C
삼평동,기타,665897.85,10010.0,0.0,79773.0,2100000.0,0.0,0.0,0.0,13.408893061111188,9.211439767419483,0.9999999992386288,0.9999999988825505,0.0,1.0,66.523,2.0
고덕동,기타,179058.45,4090.0,0.0,31241.0,550000.0,0.0,0.0,0.0,12.095473152587317,8.316544717929398,0.0,0.0,0.0,0.0,43.78,2.0
백현동,기타,545491.35,9400.0,0.0,12203.0,1800000.0,0.0,0.0,0.0,13.20944406032558,9.148571345578551,0.8481452882361817,0.9297477142079372,0.0,0.848,58.031,2.0
광교1동,기타,261853.05,5420.0,0.0,15229.0,850000.0,0.0,0.0,0.0,12.475542566458369,8.598035579260339,0.28937387892104605,0.31455181384318026,0.0,0.289,48.312,2.0
